Name,Phone,Email,Departmnet,Roll,Session
Taslima Akter, , ,CSE,17002,2016
Abdur Rahim Khan, , ,CSE,17003,2016
Md Soumik Ahmed, , ,CSE,17004,2016
Md. Ashrafur Rahman, , ,CSE,17005,2016
Tarifur Rahman, , ,CSE,17006,2016
Md Junaed Hossain, , ,CSE,17007,2016
Md Mostafijur Rahman , , ,CSE,17008,2016
Md Salman Bin Shahid, , ,CSE,17009,2016
Md Afzal Hossain , , ,CSE,17010,2016
Abu Salah Md Nasim, , ,CSE,17013,2016
Md Saidul Islam , , ,CSE,17014,2016
Ariful Islam , , ,CSE,17015,2016
Tawfiq Hassan, , ,CSE,17017,2016
Shahinur Akter, , ,CSE,17018,2016
Samrat Hossain, , ,CSE,17019,2016
Md Sahab Uddin, , ,CSE,17020,2016
M. Tauhidul Islam Tonmoy, , ,CSE,17021,2016
Ruma Akther, , ,CSE,17022,2016
Shahinsha Sharif, , ,CSE,17023,2016
Atika Tahosin Badhon, , ,CSE,17027,2016
Ariful Islam, , ,CSE,17028,2016
Sharif Hasan, , ,CSE,17030,2016
Md Murad Hossen, , ,CSE,17031,2016
Tanzina Akter Suma, , ,CSE,17032,2016
Md Jahirul Islam Chowdhury, , ,CSE,17033,2016
Md Jahidul Islam Apu, , ,CSE,17034,2016
Saiham Jaman, , ,CSE,17036,2016
Amin Uddin Abed, , ,CSE,17037,2016
Omme Ozra Chatty , , ,CSE,17038,2016
Md Habib Ullah Rahat, , ,CSE,17039,2016
Lamia Islam, , ,CSE,17040,2016
Tanvir Ahmed, , ,CSE,17041,2016
Aditya Showrov, , ,CSE,17042,2016
Sadika Akter , , ,CSE,17043,2016
Saiful Islam Rasel, , ,CSE,17045,2016
Emon Hossain, , ,CSE,17046,2016
Jahirul Islam, , ,CSE,17047,2016
Shakibur Rahman, , ,CSE,17049,2016
Md. Sadaf Rahman, , ,CSE,17050,2016
A.K.M Nazib Hossen , , ,CSE,17051,2016
Md Rakib Sharif, , ,CSE,17052,2016
Mehejabin Hossain Jitu, , ,CSE,17053,2016
Nazia Mushsharat Namrota, , ,CSE,17054,2016
Md. Sagor, , ,CSE,17055,2016
Nizam Uddin Ahmed, , ,CSE,17056,2016
Kazi Israt Jahan Illin, , ,CSE,17057,2016
Nazmus Sakib, , ,CSE,17059,2016
Md. Sakhaut Hossain, , ,CSE,17060,2016
Md. Rakibul Islam Shovon, , ,CSE,17062,2016
Tamanna Ferdosi, , ,CSE,17063,2016
Tasnim Tahmid Toushi, , ,CSE,17064,2016
Md. Sayedul Islam, , ,CSE,17065,2016
Rakibul Hasan, , ,CSE,17066,2016
Jakya Afrin Bristi, , ,CSE,17068,2016
Md. Naimur Rahman, , ,CSE,17069,2016
Md. Rakib Hossen, , ,CSE,17070,2016
Abdur Karim Arman, , ,CSE,17071,2016
Md. Zonaed Hossain, , ,CSE,17072,2016
Md. Pintu Miah, , ,CSE,17073,2016
Shekh Mehedi Hasan, , ,CSE,17074,2016
Mst. Masuda Aktar, , ,CSE,17075,2016
Fahmida Haque, , ,CSE,17076,2016
Touhidul Islam, , ,CSE,17077,2016
Md. Ymtiyaz Masum, , ,CSE,17078,2016
Tamanna Hossain Eity, , ,CSE,17079,2016
Sazzad Hossain, , ,CSE,17081,2016
Shayla Nasrin, , ,CSE,17082,2016
Md. Al Hasan Rahman, , ,CSE,17083,2016
Md. Siful Islam, , ,CSE,17084,2016
Saliman Akther Mahima, , ,CSE,17086,2016
Atiqur Rahman, , ,CSE,17087,2016
Jinia Rahman, , ,CSE,17088,2016
Tania Akter, , ,CSE,17089,2016
Saidur Rahman Riad, , ,CSE,17090,2016
Abdullah Sabit Shafe, , ,CSE,17091,2016
Salauddin ove, , ,CSE,17092,2016
Naimur Rahaman Durjoy, , ,CSE,17093,2016
Towsifa Elahi, , ,CSE,17095,2016
Md. Ahadul Islam, , ,CSE,17099,2016
Md. Kamrul Bari, , ,CSE,17100,2016
Abdullah – Al - Noman, , ,CSE,1620,2016
