Name,Phone,Email,Departmnet,Roll,Session
Md. Ahasanul Hasan Tonmoy,,,CSE,18001,2017
Saiful Islam,,,CSE,18002,2017
Md. Shahnur Islam,,,CSE,18004,2017
Mohammad Faisal,,,CSE,18005,2017
Md. Khaled Bin Azad Khan,,,CSE,18006,2017
Hasibul Hussen,,,CSE,18007,2017
Md. Tauhid Islam,,,CSE,18008,2017
Md. Abu Safa Bin Zia,,,CSE,18009,2017
Md. Nasir Siddiq,,,CSE,18010,2017
Md. Samiul Alam,,,CSE,18011,2017
Rifat Rizwan Imam,,,CSE,18012,2017
Nafis Mahmud Fahim,,,CSE,18013,2017
Tarikur Rahman Tonmoy,,,CSE,18014,2017
Md. Solaiman Hossain Shakil,,,CSE,18015,2017
Md. Imran Hossaain ,,,CSE,18016,2017
Md. Abir Raihan,,,CSE,18017,2017
Md. salauddin Khalifa ,,,CSE,18018,2017
Md. Mohibullah Dipu,,,CSE,18019,2017
Md. Obaed ,,,CSE,18020,2017
Jerin Afrose ,,,CSE,18021,2017
Roni Ahamed,,,CSE,18022,2017
Din Islam Noman,,,CSE,18023,2017
Sajid Hossain Sagore,,,CSE,18024,2017
Jannatun Nayem ,,,CSE,18025,2017
Md. Imran Hossain ,,,CSE,18026,2017
Abdur Razzak Shubho,,,CSE,18027,2017
Md. Sazzad Hossain,,,CSE,18028,2017
Tayef Hasan,,,CSE,18029,2017
Soaib Ahmed ,,,CSE,18030,2017
Arafat Sikder,,,CSE,18031,2017
Md. Redwan Ahmed,,,CSE,18032,2017
S. M. Rezanur Amin,,,CSE,18033,2017
Md. Mehedi Hasan Robin,,,CSE,18034,2017
Md. Nadim Bhuiyan,,,CSE,18035,2017
H.M Sakib Hasan,,,CSE,18036,2017
Md. Aleam Hossain,,,CSE,18037,2017
Md. Khairul Islam Emon,,,CSE,18038,2017
Jahid Hasan,,,CSE,18039,2017
Ayesha Akter ,,,CSE,18040,2017
Md. Ehsanul Azim,,,CSE,18041,2017
Afsana Akter,,,CSE,18042,2017
Md. Anamul Hossain ,,,CSE,18043,2017
Muhammad Saifullah Ansery,,,CSE,18044,2017
Ridoy Kanto Joy,,,CSE,18045,2017
Md. Sunzidul Haque Nahim,,,CSE,18046,2017
Md. Nazimul Hasan,,,CSE,18047,2017
Md. Rahat Hossain,,,CSE,18048,2017
Mehedi Hasan ,,,CSE,18049,2017
Mahmuda Khatun,,,CSE,18050,2017
Kamruzzaman Sujan,,,CSE,18051,2017
Kazy Saiful  Islam,,,CSE,18052,2017
Syed Isratul Masfic Soad,,,CSE,18053,2017
Imtiaz Ahammed Fahim,,,CSE,18054,2017
Hasibul Hasan Pranto,,,CSE,18055,2017
Abu Alid,,,CSE,18056,2017
Nura Islam,,,CSE,18057,2017
Sadia Amreen,,,CSE,18058,2017
Nayla Zahan Nafisa,,,CSE,18059,2017
Md. Ragib Hasan,,,CSE,18060,2017
Prince Abdullah,,,CSE,18061,2017
A.T.M Rahat Uddin Nagari,,,CSE,18062,2017
Dastagir Kabir ,,,CSE,18063,2017
Md. Iqbal Hossain Shanto,,,CSE,18064,2017
Md. Masudur Rahman,,,CSE,18065,2017
 Mortoza Banu Mim                                                                                                                                                                                                                                                                                                                                                                                                                                                                                                                                                                                                                                                                                                                                                                                                                                                                                                                                                                                                                                                                                                                                               ,,,CSE,18066,2017
Bibi Rahima Khatun,,,CSE,18067,2017
Faria Rahman Rimu,,,CSE,18068,2017
Nazma Akter,,,CSE,18069,2017
Md. Mehedi Ahmed,,,CSE,18070,2017
Kawser Bhuyan,,,CSE,18071,2017
Md. Al-Amin Chomok,,,CSE,18072,2017
Hasanul Islam Akash,,,CSE,18073,2017
Salman Ahmmed,,,CSE,18074,2017
Sanjida Islam Urme,,,CSE,18075,2017
Syed Nahidul Islam ,,,CSE,18076,2017
Reduanul Islam Rafin,,,CSE,18077,2017
Nusrat Jahan Mumu,,,CSE,18078,2017
Mahedi Hasan Sazzad,,,CSE,18079,2017
Md. Tansur Rahman ,,,CSE,18080,2017
Faria Islam Oyshi,,,CSE,18081,2017
Mitanur Akter Mitu,,,CSE,18082,2017
Md. Mahfuzur Rahman,,,CSE,18083,2017
Mst. Mahjabin,,,CSE,18084,2017
Tanvir Fuad,,,CSE,18085,2017
Md. Emran Miazi ,,,CSE,18086,2017
Priyanka Rani Ghosh ,,,CSE,18087,2017
Afsana Khandaker Mim,,,CSE,18088,2017
Md. Abdur Rahman ,,,CSE,18089,2017
Nurun Nahar Bithi,,,CSE,18090,2017
Jarif Ishmam Ul Haque,,,CSE,18091,2017
Md. Sakib Anawer,,,CSE,18092,2017
Md. Nasim Khandoker,,,CSE,18093,2017
Md.Kawser Uzzaman Akash,,,CSE,18094,2017
Halima Akter ,,,CSE,18095,2017
Ashik Ahmed,,,CSE,18096,2017
Azman Arefin ,,,CSE,18097,2017
Ahsanul Haque Sun,,,CSE,18098,2017
Sazzad Hossain,,,CSE,18099,2017
Rakib Hasan,,,CSE,18100,2017
Md. Ashraful Islam,,,CSE,18101,2017
Md. Nahid Neazee Naeem,,,CSE,18102,2017
Mostafijur Rahman,,,CSE,17080,2017
Muntasir Shariyer,,,CSE,17094,2017
Sadi Mohammad Kayes,,,CSE,17098,2017
Kaosar Ahmed,,,CSE,17102,2017
