Name,Phone,Email,Departmnet,Roll,Session
Malik Ali Azam,,,CSE,1501,2014
Md.Mesba-ul-Hasan,,,CSE,1502,2014
Md. Saymon Shahriya,,,CSE,1503,2014
Shakirul Arifin Tanim,,,CSE,1505,2014
Md. Abul Khayer Raihan,,,CSE,1506,2014
Mahabub Hossain Monir,,,CSE,1511,2014
Naim-a-Nazim Rial,,,CSE,1512,2014
Rubayat Binte Hasan,,,CSE,1513,2014
Mohammad Ali Zinnah,,,CSE,1515,2014
Halima Akter,,,CSE,1516,2014
Md. Abu Shuyeb ,,,CSE,1518,2014
Rokeya Akter Kona,,,CSE,1519,2014
Md. Mamun Hossain,,,CSE,1520,2014
Rafiqul Islam,,,CSE,1521,2014
Md. Bellal Hossain,,,CSE,1523,2014
Md. Akil Azmal Jewel,,,CSE,1524,2014
Tahamina Akter,,,CSE,1525,2014
Mokhbar Uddin Ahmed,,,CSE,1526,2014
Md. Hasanur Rahman,,,CSE,1527,2014
Md. Abdul Motalab,,,CSE,1529,2014
Mahabub Elahi,,,CSE,1530,2014
Farjana Akter,,,CSE,1531,2014
Rezaul Karim Shaon,,,CSE,1532,2014
Ayesha Ahmad,,,CSE,1534,2014
Hafiza Akter Pinky,,,CSE,1535,2014
Iffat Ara Bushra,,,CSE,1536,2014
Md. Golam Mostofa Shawon,,,CSE,1538,2014
Mukhdum Hasan,,,CSE,1539,2014
Mohammad Walihullah,,,CSE,1542,2014
Md. Jahidul Islam,,,CSE,1543,2014
Sadia Islam,,,CSE,1544,2014
Tauhidul Islam Hasib,,,CSE,1545,2014
Md. Nesarudduin Sikder,,,CSE,1546,2014
Jannatunnessa Urmi,,,CSE,1547,2014
Prokash Sikder,,,CSE,1548,2014
Sumaiya Akhter Priya,,,CSE,1549,2014
Sumaiya Afroze,,,CSE,1550,2014
Md. Tanvir Hossain,,,CSE,1552,2014
Md. Monirujzaman,,,CSE,1553,2014
Rubayyat Marium,,,CSE,1554,2014
Sheikh Rahnuma,,,CSE,1555,2014
Galib Rahman,,,CSE,1556,2014
Md. Mehedi Hasan,,,CSE,1557,2014
mmul Wara Ekra,,,CSE,1559,2014
Mehebuba Nasrin Eity,,,CSE,1561,2014
Muffaria Ahmed Suva,,,CSE,1562,2014
Lamia Akter,,,CSE,1563,2014
Md. Sakil Akondho,,,CSE,1564,2014
Mohammad Jahidul Islam,,,CSE,1565,2014
Md. Rifat Hossain,,,CSE,1570,2014
Sabrina Parvin Ananya,,,CSE,1571,2014
Anwar Hossain,,,CSE,1574,2014
Sazia MaheZabin,,,CSE,1575,2014
Mohammad Hafijul Islam,,,CSE,1576,2014
Md. Mahmudur Rashid,,,CSE,1577,2014
Mohmmd Ali Imran,,,CSE,1578,2014
Farzana Yasmin,,,CSE,1579,2014
Md. Rajib Hossain,,,CSE,1580,2014
Shahadat Hossain,,,CSE,1404,2014
Md. Riaz Hassan,,,CSE,1457,2014
Tanveer Ahmed,,,CSE,1315,2014
M.M. Ratul,,,CSE,1331,2014
