Name,Phone,Email,Departmnet,Roll,Session
Md. Masud Alam,,,CSE,1402,2013
Zico Sutar,,,CSE,1405,2013
Md. Rakib Hassan Patowary,,,CSE,1406,2013
Kazi Golam Ishaque Shovon,,,CSE,1407,2013
Sahariar Alam,,,CSE,1410,2013
Md. Tohidur Rahman,,,CSE,1412,2013
Md. Lihan Mahmud Chowdhury,,,CSE,1414,2013
Md. Riyadul Islam,,,CSE,1415,2013
Md. Zohirul Islam,,,CSE,1416,2013
Sarwar Hossain,,,CSE,1418,2013
Md. Shahidul Islam,,,CSE,1419,2013
Israt Khatun,,,CSE,1420,2013
Md. Mizanur Rahman,,,CSE,1421,2013
Md. Sifat Haque,,,CSE,1422,2013
Shah Mamnun,,,CSE,1423,2013
Abdullah al Muzahid,,,CSE,1424,2013
Sabrina Hafiz Prova,,,CSE,1426,2013
Md. Tahid Zaman,,,CSE,1427,2013
Md. Ibrahim Alam,,,CSE,1429,2013
Md. Ariful Islam,,,CSE,1430,2013
Bipul Sarkar,,,CSE,1431,2013
Jahid Hossain,,,CSE,1433,2013
Mohammad Mazharul Hoque,,,CSE,1434,2013
Abrar Hossain,,,CSE,1435,2013
Sharmin Jahan,,,CSE,1436,2013
MdShahedul Islam,,,CSE,1437,2013
Kamrunnaher,,,CSE,1438,2013
Md. Idris Ali Miah,,,CSE,1439,2013
Toukir Ahmad,,,CSE,1441,2013
Israt Jahan,,,CSE,1442,2013
Munshi Mahmuda Akter Mita,,,CSE,1443,2013
Fahima Mahzabin,,,CSE,1445,2013
Mahmud Al Forhad,,,CSE,1446,2013
Md. Sazzadul Haque,,,CSE,1447,2013
Sadika Rafi hretu,,,CSE,1448,2013
ShantaYeasminPiyaa,,,CSE,1449,2013
Amzad Hossain,,,CSE,1451,2013
Md. Shakil Hossain,,,CSE,1452,2013
RezaulAlam,,,CSE,1453,2013
Sheikh Hafiza Banj,,,CSE,1455,2013
Shameem Ahsan,,,CSE,1456,2013
Md. Riaz Hassan,,,CSE,1457,2013
Md. Abul Bashar Shajib,,,CSE,1458,2013
Md. Syed HossainRubel,,,CSE,1459,2013
Imran Hossen,,,CSE,1460,2013
Nilima Ahmed,,,CSE,1462,2013
Md. Mofijul Islam Piash,,,CSE,1463,2013
Md. Sohidul Islam,,,CSE,1465,2013
Md. Nahid Hasan ,,,CSE,1466,2013
Nasrin Aktar Shanta,,,CSE,1467,2013
Md. Lokman Hossen Misho,,,CSE,1468,2013
Md. Anayet Ullah Khan,,,CSE,1469,2013
Md. Arif Billah,,,CSE,1330,2013
